{"simple": {"idx": [0, 1, 2, 3, 4, 5, 6, 7, 8, 9, 10, 11, 12, 13, 14, 15, 16, 17, 18, 19, 20, 21, 22, 23, 24, 25, 26, 27, 28, 29, 30, 31, 32, 33, 34, 35, 36, 37, 38, 39, 40, 41, 42, 43, 44, 45, 46, 47, 48, 49], "flips": [0.0, 0.0, 0.0, 0.0, 10000.0, 0.0, 0.0, 0.0, 0.0, 0.0, 0.0, 10000.0, 0.0, 0.0, 0.0, 0.0, 0.0, 0.0, 0.0, 0.0, 0.0, 0.0, 0.0, 0.0, 0.0, 0.0, 0.0, 0.0, 0.0, 0.0, 0.0, 0.0, 0.0, 0.0, 0.0, 0.0, 0.0, 0.0, 0.0, 0.0, 0.0, 0.0, 0.0, 0.0, 0.0, 0.0, 0.0, 0.0, 0.0, 10000.0], "restarts": [0.0, 0.0, 0.0, 0.0, 10.0, 0.0, 0.0, 0.0, 0.0, 0.0, 0.0, 10.0, 0.0, 0.0, 0.0, 0.0, 0.0, 0.0, 0.0, 0.0, 0.0, 0.0, 0.0, 0.0, 0.0, 0.0, 0.0, 0.0, 0.0, 0.0, 0.0, 0.0, 0.0, 0.0, 0.0, 0.0, 0.0, 0.0, 0.0, 0.0, 0.0, 0.0, 0.0, 0.0, 0.0, 0.0, 0.0, 0.0, 0.0, 10.0], "runtime": [7.935022592544556, 21.06561017036438, 70.36404085159302, 4.936194181442261, 172.47647762298584, 5.381641149520874, 13.90618634223938, 36.92157244682312, 4.031699180603027, 32.40998029708862, 106.28075790405273, 168.30730319023132, 59.75288200378418, 15.36009693145752, 33.307942390441895, 24.308070182800293, 87.62584686279297, 12.490931272506714, 8.389973402023315, 116.57157897949219, 38.663384675979614, 26.36336636543274, 5.311304092407227, 16.668347358703613, 9.43666958808899, 1.458648443222046, 90.76806998252869, 143.41591572761536, 31.30986976623535, 7.286725997924805, 5.0589306354522705, 145.42438626289368, 6.134360313415527, 2.510043144226074, 134.15581011772156, 9.549223899841309, 4.636288404464722, 14.495875835418701, 101.09877038002014, 18.383761644363403, 13.442699193954468, 2.2728092670440674, 14.46508002281189, 86.10212826728821, 17.52409052848816, 33.27434587478638, 4.287761449813843, 35.85184025764465, 1.4135158061981201, 179.36036801338196], "mean_splits": 600.0, "mean_runtime": 44.03896398544312}, "easy": {"idx": [0, 1, 2, 3, 4, 5, 6, 7, 8, 9, 10, 11, 12, 13, 14, 15, 16, 17, 18, 19, 20, 21, 22, 23, 24, 25, 26, 27, 28, 29, 30, 31, 32, 33, 34, 35, 36, 37, 38, 39, 40, 41, 42, 43, 44, 45, 46, 47, 48, 49], "flips": [0.0, 0.0, 0.0, 0.0, 10000.0, 0.0, 0.0, 0.0, 0.0, 0.0, 0.0, 0.0, 10000.0, 0.0, 0.0, 0.0, 0.0, 0.0, 0.0, 0.0, 10000.0, 10000.0, 0.0, 0.0, 10000.0, 0.0, 10000.0, 0.0, 0.0, 0.0, 0.0, 10000.0, 0.0, 0.0, 10000.0, 0.0, 0.0, 0.0, 0.0, 0.0, 10000.0, 0.0, 0.0, 0.0, 10000.0, 0.0, 0.0, 0.0, 0.0, 10000.0], "restarts": [0.0, 0.0, 0.0, 0.0, 10.0, 0.0, 0.0, 0.0, 0.0, 0.0, 0.0, 0.0, 10.0, 0.0, 0.0, 0.0, 0.0, 0.0, 0.0, 0.0, 10.0, 10.0, 0.0, 0.0, 10.0, 0.0, 10.0, 0.0, 0.0, 0.0, 0.0, 10.0, 0.0, 0.0, 10.0, 0.0, 0.0, 0.0, 0.0, 0.0, 10.0, 0.0, 0.0, 0.0, 10.0, 0.0, 0.0, 0.0, 0.0, 10.0], "runtime": [33.722501039505005, 8.053767919540405, 30.74914264678955, 21.745572566986084, 156.94036078453064, 50.58011817932129, 167.11687183380127, 66.53354048728943, 8.372572183609009, 60.980178117752075, 66.54032039642334, 17.269782066345215, 187.01021313667297, 28.452120304107666, 65.85855484008789, 18.986079216003418, 4.683384656906128, 1.590646505355835, 7.980978965759277, 32.435062885284424, 161.6878571510315, 150.7173297405243, 20.620173692703247, 104.37495350837708, 160.4713203907013, 64.5482325553894, 171.98458051681519, 132.57101106643677, 94.3688178062439, 81.82214522361755, 93.12217998504639, 183.37556290626526, 1.7523326873779297, 65.06992220878601, 165.1394169330597, 84.8309645652771, 69.09932351112366, 2.400614023208618, 12.228360891342163, 34.45243215560913, 180.04413104057312, 20.364286422729492, 11.056284189224243, 6.520111560821533, 166.21617913246155, 57.75853657722473, 20.623534440994263, 36.78544545173645, 8.791381359100342, 167.89871430397034], "mean_splits": 2200.0, "mean_runtime": 71.32595809459686}, "intermediate": {"idx": [0, 1, 2, 3, 4, 5, 6, 7, 8, 9, 10, 11, 12, 13, 14, 15, 16, 17, 18, 19, 20, 21, 22, 23, 24, 25, 26, 27, 28, 29, 30, 31, 32, 33, 34, 35, 36, 37, 38, 39, 40, 41, 42, 43, 44, 45, 46, 47, 48, 49], "flips": [10000.0, 10000.0, 0.0, 0.0, 0.0, 0.0, 0.0, 0.0, 10000.0, 0.0, 0.0, 0.0, 0.0, 0.0, 0.0, 0.0, 0.0, 0.0, 0.0, 0.0, 0.0, 0.0, 0.0, 0.0, 0.0, 0.0, 0.0, 0.0, 0.0, 10000.0, 0.0, 0.0, 0.0, 10000.0, 0.0, 0.0, 10000.0, 0.0, 10000.0, 0.0, 0.0, 0.0, 0.0, 0.0, 0.0, 0.0, 0.0, 0.0, 0.0, 0.0], "restarts": [10.0, 10.0, 0.0, 0.0, 0.0, 0.0, 0.0, 0.0, 10.0, 0.0, 0.0, 0.0, 0.0, 0.0, 0.0, 0.0, 0.0, 0.0, 0.0, 0.0, 0.0, 0.0, 0.0, 0.0, 0.0, 0.0, 0.0, 0.0, 0.0, 10.0, 0.0, 0.0, 0.0, 10.0, 0.0, 0.0, 10.0, 0.0, 10.0, 0.0, 0.0, 0.0, 0.0, 0.0, 0.0, 0.0, 0.0, 0.0, 0.0, 0.0], "runtime": [148.38067293167114, 174.59793281555176, 61.14607262611389, 3.050713539123535, 99.03171944618225, 126.0292022228241, 76.21641707420349, 135.1638479232788, 182.03420495986938, 113.2570493221283, 89.72176623344421, 187.2764654159546, 93.52432632446289, 1.2669720649719238, 18.591651916503906, 24.036726474761963, 103.39771461486816, 6.090243577957153, 21.541244983673096, 94.33388161659241, 2.2523443698883057, 5.511365175247192, 91.77179217338562, 8.512590885162354, 50.501566648483276, 43.11398363113403, 125.2940924167633, 4.002113580703735, 8.746462345123291, 183.4306116104126, 143.59302425384521, 115.5386095046997, 62.87423896789551, 167.84406733512878, 30.997533321380615, 126.62542462348938, 158.41045236587524, 28.854187488555908, 163.74806833267212, 122.78379106521606, 67.7955904006958, 40.751708030700684, 146.39263725280762, 165.7999517917633, 147.59874439239502, 29.61169457435608, 114.14550280570984, 5.36266565322876, 15.457433223724365, 22.922436714172363], "mean_splits": 1400.0, "mean_runtime": 83.17867022037507}, "expert": {"idx": [0, 1, 2, 3, 4, 5, 6, 7, 8, 9, 10, 11, 12, 13, 14, 15, 16, 17, 18, 19, 20, 21, 22, 23, 24, 25, 26, 27, 28, 29, 30, 31, 32, 33, 34, 35, 36, 37, 38, 39, 40, 41, 42, 43, 44, 45, 46, 47, 48, 49], "flips": [10000.0, 0.0, 0.0, 0.0, 0.0, 0.0, 0.0, 10000.0, 0.0, 0.0, 10000.0, 0.0, 0.0, 0.0, 0.0, 0.0, 0.0, 10000.0, 0.0, 0.0, 0.0, 0.0, 0.0, 10000.0, 0.0, 0.0, 0.0, 0.0, 10000.0, 0.0, 0.0, 0.0, 10000.0, 10000.0, 0.0, 0.0, 0.0, 10000.0, 0.0, 0.0, 0.0, 0.0, 0.0, 10000.0, 0.0, 0.0, 0.0, 0.0, 10000.0, 0.0], "restarts": [10.0, 0.0, 0.0, 0.0, 0.0, 0.0, 0.0, 10.0, 0.0, 0.0, 10.0, 0.0, 0.0, 0.0, 0.0, 0.0, 0.0, 10.0, 0.0, 0.0, 0.0, 0.0, 0.0, 10.0, 0.0, 0.0, 0.0, 0.0, 10.0, 0.0, 0.0, 0.0, 10.0, 10.0, 0.0, 0.0, 0.0, 10.0, 0.0, 0.0, 0.0, 0.0, 0.0, 10.0, 0.0, 0.0, 0.0, 0.0, 10.0, 0.0], "runtime": [157.50279140472412, 6.130292654037476, 135.2296028137207, 66.4504177570343, 33.88080430030823, 10.441755056381226, 64.80455231666565, 193.424791097641, 11.224353075027466, 21.611120223999023, 167.2588300704956, 45.43315672874451, 95.1450879573822, 41.24722647666931, 91.37938237190247, 42.328248023986816, 123.33848404884338, 196.45761847496033, 5.613986492156982, 111.75614786148071, 11.07071566581726, 18.552131414413452, 168.1764144897461, 171.2410216331482, 48.72998929023743, 140.604914188385, 23.486145734786987, 43.17749047279358, 175.0306658744812, 122.11792230606079, 23.073384523391724, 22.545280933380127, 182.67659664154053, 151.78175568580627, 4.406745672225952, 79.69999861717224, 158.6675522327423, 194.70551824569702, 134.60109210014343, 12.994206190109253, 121.52609658241272, 17.204951524734497, 82.23771166801453, 160.23854160308838, 56.36438608169556, 25.81558918952942, 135.80481815338135, 15.83409857749939, 148.50709795951843, 138.6332049369812], "mean_splits": 2200.0, "mean_runtime": 88.20329374790191}}