{"simple": {"idx": [0, 1, 2, 3, 4, 5, 6, 7, 8, 9, 10, 11, 12, 13, 14, 15, 16, 17, 18, 19, 20, 21, 22, 23, 24, 25, 26, 27, 28, 29, 30, 31, 32, 33, 34, 35, 36, 37, 38, 39, 40, 41, 42, 43, 44, 45, 46, 47, 48, 49, 50, 51, 52, 53, 54, 55, 56, 57, 58, 59, 60, 61, 62, 63, 64, 65, 66, 67, 68, 69, 70, 71, 72, 73, 74, 75, 76, 77, 78, 79, 80, 81, 82, 83, 84, 85, 86, 87, 88, 89, 90, 91, 92, 93, 94, 95, 96, 97, 98, 99], "splits": [0, 0, 0, 0, 0, 0, 0, 0, 0, 0, 0, 0, 0, 0, 0, 0, 0, 0, 0, 0, 0, 0, 0, 0, 0, 0, 0, 0, 0, 0, 0, 0, 0, 0, 0, 0, 0, 0, 0, 0, 0, 0, 0, 0, 0, 0, 0, 0, 0, 0, 0, 0, 0, 0, 0, 0, 0, 0, 0, 0, 0, 0, 0, 0, 0, 0, 0, 0, 0, 0, 0, 0, 0, 0, 0, 0, 0, 0, 0, 0, 0, 0, 0, 0, 0, 0, 0, 0, 0, 0, 0, 0, 0, 0, 0, 0, 0, 0, 0, 0], "runtime": [0.18730759620666504, 0.19459295272827148, 0.20678043365478516, 0.1861581802368164, 0.1936326026916504, 0.1837174892425537, 0.20732831954956055, 0.20115113258361816, 0.2012462615966797, 0.19849681854248047, 0.18669557571411133, 0.20669174194335938, 0.1868758201599121, 0.2013869285583496, 0.19806551933288574, 0.20824217796325684, 0.207383394241333, 0.18950128555297852, 0.21480274200439453, 0.1997973918914795, 0.2114124298095703, 0.19595742225646973, 0.1955878734588623, 0.20048236846923828, 0.1985030174255371, 0.20899033546447754, 0.1927173137664795, 0.2101430892944336, 0.20044636726379395, 0.2174396514892578, 0.19288110733032227, 0.20752573013305664, 0.22580337524414062, 0.18824076652526855, 0.2124159336090088, 0.1935410499572754, 0.2164914608001709, 0.2106180191040039, 0.1929185390472412, 0.21084117889404297, 0.2066195011138916, 0.2076725959777832, 0.18917012214660645, 0.20757484436035156, 0.2037830352783203, 0.18715548515319824, 0.21266698837280273, 0.19584941864013672, 0.21107697486877441, 0.19478440284729004, 0.21206021308898926, 0.1988389492034912, 0.1987595558166504, 0.21178531646728516, 0.19051098823547363, 0.2086784839630127, 0.20277881622314453, 0.21670031547546387, 0.18033719062805176, 0.21282625198364258, 0.21337270736694336, 0.18758606910705566, 0.21094655990600586, 0.18628263473510742, 0.21186280250549316, 0.19831609725952148, 0.20662450790405273, 0.20337271690368652, 0.19681310653686523, 0.2136077880859375, 0.21116065979003906, 0.20279812812805176, 0.1978440284729004, 0.21000099182128906, 0.21486210823059082, 0.19636225700378418, 0.20984673500061035, 0.18839812278747559, 0.19885683059692383, 0.1922600269317627, 0.2151050567626953, 0.19742798805236816, 0.212723970413208, 0.20910310745239258, 0.19063138961791992, 0.20935440063476562, 0.20526957511901855, 0.20527887344360352, 0.19930768013000488, 0.20682501792907715, 0.2138378620147705, 0.19362139701843262, 0.21051931381225586, 0.1965196132659912, 0.22111988067626953, 0.19934487342834473, 0.19475054740905762, 0.2207791805267334, 0.19328641891479492, 0.20626473426818848], "mean_splits": 0.0, "mean_runtime": 0.20244686603546141}, "easy": {"idx": [0, 1, 2, 3, 4, 5, 6, 7, 8, 9, 10, 11, 12, 13, 14, 15, 16, 17, 18, 19, 20, 21, 22, 23, 24, 25, 26, 27, 28, 29, 30, 31, 32, 33, 34, 35, 36, 37, 38, 39, 40, 41, 42, 43, 44, 45, 46, 47, 48, 49, 50, 51, 52, 53, 54, 55, 56, 57, 58, 59, 60, 61, 62, 63, 64, 65, 66, 67, 68, 69, 70, 71, 72, 73, 74, 75, 76, 77, 78, 79, 80, 81, 82, 83, 84, 85, 86, 87, 88, 89, 90, 91, 92, 93, 94, 95, 96, 97, 98, 99], "splits": [0, 0, 0, 0, 0, 0, 0, 0, 0, 0, 0, 0, 0, 0, 0, 0, 0, 0, 0, 0, 0, 0, 0, 0, 0, 0, 0, 0, 0, 0, 0, 0, 0, 0, 0, 0, 0, 0, 0, 0, 0, 0, 0, 0, 0, 0, 0, 0, 0, 0, 0, 0, 0, 0, 0, 0, 0, 0, 0, 0, 0, 0, 0, 0, 0, 0, 0, 0, 0, 0, 0, 0, 0, 0, 0, 0, 0, 0, 0, 0, 0, 0, 0, 0, 0, 0, 0, 0, 0, 0, 0, 0, 0, 0, 0, 0, 0, 0, 0, 0], "runtime": [0.21360325813293457, 0.21111345291137695, 0.21228480339050293, 0.20318102836608887, 0.20630908012390137, 0.20332980155944824, 0.21484041213989258, 0.204329252243042, 0.20977473258972168, 0.202134370803833, 0.21135711669921875, 0.19977450370788574, 0.21463918685913086, 0.2195124626159668, 0.18982195854187012, 0.21672272682189941, 0.18719935417175293, 0.2018728256225586, 0.2015831470489502, 0.20372748374938965, 0.22009587287902832, 0.20771265029907227, 0.21273398399353027, 0.19335317611694336, 0.214569091796875, 0.1990034580230713, 0.21347618103027344, 0.21440768241882324, 0.1967782974243164, 0.21298956871032715, 0.18985700607299805, 0.22037267684936523, 0.18649840354919434, 0.21628761291503906, 0.21396470069885254, 0.20568037033081055, 0.21898961067199707, 0.20790791511535645, 0.22054529190063477, 0.19656682014465332, 0.2214961051940918, 0.20521068572998047, 0.21408581733703613, 0.22385501861572266, 0.2070155143737793, 0.22403359413146973, 0.19725322723388672, 0.20882940292358398, 0.20802521705627441, 0.21391057968139648, 0.21775174140930176, 0.19130563735961914, 0.2114701271057129, 0.19282817840576172, 0.21176648139953613, 0.19970154762268066, 0.2140505313873291, 0.22358345985412598, 0.20427393913269043, 0.2085883617401123, 0.20096921920776367, 0.23470020294189453, 0.20413422584533691, 0.20990967750549316, 0.22207045555114746, 0.19336652755737305, 0.2198927402496338, 0.20526790618896484, 0.20657992362976074, 0.19933772087097168, 0.21271967887878418, 0.22167158126831055, 0.20042848587036133, 0.21878600120544434, 0.2005617618560791, 0.22222089767456055, 0.20295071601867676, 0.21451568603515625, 0.19842529296875, 0.20185446739196777, 0.2138833999633789, 0.21018004417419434, 0.20900940895080566, 0.21463680267333984, 0.21478867530822754, 0.20930051803588867, 0.2041606903076172, 0.21955299377441406, 0.200164794921875, 0.219895601272583, 0.18200469017028809, 0.2219526767730713, 0.19270849227905273, 0.21773123741149902, 0.22642111778259277, 0.20365524291992188, 0.21288776397705078, 0.198988676071167, 0.21642541885375977, 0.2018265724182129], "mean_splits": 0.0, "mean_runtime": 0.2086847448348999}, "intermediate": {"idx": [0, 1, 2, 3, 4, 5, 6, 7, 8, 9, 10, 11, 12, 13, 14, 15, 16, 17, 18, 19, 20, 21, 22, 23, 24, 25, 26, 27, 28, 29, 30, 31, 32, 33, 34, 35, 36, 37, 38, 39, 40, 41, 42, 43, 44, 45, 46, 47, 48, 49, 50, 51, 52, 53, 54, 55, 56, 57, 58, 59, 60, 61, 62, 63, 64, 65, 66, 67, 68, 69, 70, 71, 72, 73, 74, 75, 76, 77, 78, 79, 80, 81, 82, 83, 84, 85, 86, 87, 88, 89, 90, 91, 92, 93, 94, 95, 96, 97, 98, 99], "splits": [0, 0, 2, 1, 0, 0, 2, 8, 0, 1, 1, 1, 5, 0, 2, 2, 1, 0, 0, 1, 3, 2, 0, 1, 4, 3, 1, 6, 1, 0, 0, 3, 0, 0, 1, 1, 7, 0, 1, 0, 1, 1, 2, 0, 2, 1, 1, 4, 0, 1, 2, 0, 1, 2, 2, 1, 7, 1, 1, 0, 2, 4, 1, 0, 0, 17, 3, 1, 2, 3, 0, 0, 3, 2, 1, 7, 1, 1, 6, 0, 1, 6, 14, 1, 0, 3, 7, 5, 0, 5, 0, 0, 0, 2, 1, 1, 2, 2, 1, 1],