{"simple": {"idx": [0, 1, 2, 3, 4, 5, 6, 7, 8, 9, 10, 11, 12, 13, 14, 15, 16, 17, 18, 19, 20, 21, 22, 23, 24, 25, 26, 27, 28, 29, 30, 31, 32, 33, 34, 35, 36, 37, 38, 39, 40, 41, 42, 43, 44, 45, 46, 47, 48, 49, 50, 51, 52, 53, 54, 55, 56, 57, 58, 59, 60, 61, 62, 63, 64, 65, 66, 67, 68, 69, 70, 71, 72, 73, 74, 75, 76, 77, 78, 79, 80, 81, 82, 83, 84, 85, 86, 87, 88, 89, 90, 91, 92, 93, 94, 95, 96, 97, 98, 99], "splits": [0.0, 0.0, 0.0, 0.0, 0.0, 0.0, 0.0, 0.0, 0.0, 0.0, 0.0, 0.0, 0.0, 0.0, 0.0, 0.0, 0.0, 0.0, 0.0, 0.0, 0.0, 0.0, 0.0, 0.0, 0.0, 0.0, 0.0, 0.0, 0.0, 0.0, 0.0, 0.0, 0.0, 0.0, 0.0, 0.0, 0.0, 0.0, 0.0, 0.0, 0.0, 0.0, 0.0, 0.0, 0.0, 0.0, 0.0, 0.0, 0.0, 0.0, 0.0, 0.0, 0.0, 0.0, 0.0, 0.0, 0.0, 0.0, 0.0, 0.0, 0.0, 0.0, 0.0, 0.0, 0.0, 0.0, 0.0, 0.0, 0.0, 0.0, 0.0, 0.0, 0.0, 0.0, 0.0, 0.0, 0.0, 0.0, 0.0, 0.0, 0.0, 0.0, 0.0, 0.0, 0.0, 0.0, 0.0, 0.0, 0.0, 0.0, 0.0, 0.0, 0.0, 0.0, 0.0, 0.0, 0.0, 0.0, 0.0, 0.0], "runtime": [0.1984401226043701, 0.19817078113555908, 0.20306026935577393, 0.19440927505493164, 0.19190664291381837, 0.1980801820755005, 0.2037879467010498, 0.19795544147491456, 0.2095228910446167, 0.19577608108520508, 0.19491791725158691, 0.19800195693969727, 0.19421050548553467, 0.19242935180664061, 0.19877965450286866, 0.20446453094482422, 0.19746103286743164, 0.1970529317855835, 0.20230491161346437, 0.20888857841491698, 0.20031969547271727, 0.20498943328857422, 0.1900472402572632, 0.19785010814666748, 0.2105412721633911, 0.2053842544555664, 0.2067553758621216, 0.20930228233337403, 0.20650324821472169, 0.21596028804779052, 0.18764834403991698, 0.213316011428833, 0.22131092548370362, 0.20455238819122315, 0.20502328872680664, 0.21197810173034667, 0.21227450370788575, 0.20956320762634278, 0.20632970333099365, 0.2102609395980835, 0.22133629322052, 0.20758318901062012, 0.20736865997314452, 0.2156755208969116, 0.2063286542892456, 0.20250403881072998, 0.20615105628967284, 0.2091292142868042, 0.21646766662597655, 0.21133592128753662, 0.21506962776184083, 0.2161799192428589, 0.20456695556640625, 0.21267776489257811, 0.21642348766326905, 0.2122394323348999, 0.2170623779296875, 0.21989693641662597, 0.20234825611114501, 0.21712856292724608, 0.21862397193908692, 0.20697295665740967, 0.2182852029800415, 0.20930054187774658, 0.21498534679412842, 0.2232187032699585, 0.20951714515686035, 0.21448049545288086, 0.21284077167510987, 0.22580242156982422, 0.22712810039520265, 0.203743577003479, 0.21652276515960694, 0.21588633060455323, 0.2208078145980835, 0.21274247169494628, 0.21978261470794677, 0.20411145687103271, 0.20857577323913573, 0.21610193252563475, 0.22800397872924805, 0.2153783321380615, 0.2247602939605713, 0.2146529197692871, 0.2148993730545044, 0.2068934917449951, 0.22720794677734374, 0.2070369005203247, 0.21567795276641846, 0.2154243230819702, 0.21640679836273194, 0.21553831100463866, 0.22068724632263184, 0.2172032117843628, 0.2310800313949585, 0.21814324855804443, 0.20885052680969238, 0.22555034160614013, 0.22171318531036377, 0.21502795219421386], "mean_splits": 0.0, "mean_runtime": 0.21006571912765498}, "easy": {"idx": [0, 1, 2, 3, 4, 5, 6, 7, 8, 9, 10, 11, 12, 13, 14, 15, 16, 17, 18, 19, 20, 21, 22, 23, 24, 25, 26, 27, 28, 29, 30, 31, 32, 33, 34, 35, 36, 37, 38, 39, 40, 41, 42, 43, 44, 45, 46, 47, 48, 49, 50, 51, 52, 53, 54, 55, 56, 57, 58, 59, 60, 61, 62, 63, 64, 65, 66, 67, 68, 69, 70, 71, 72, 73, 74, 75, 76, 77, 78, 79, 80, 81, 82, 83, 84, 85, 86, 87, 88, 89, 90, 91, 92, 93, 94, 95, 96, 97, 98, 99], "splits": [0.0, 0.0, 0.0, 0.0, 0.0, 0.0, 0.0, 0.0, 0.0, 0.0, 0.0, 0.0, 0.0, 0.0, 0.0, 0.0, 0.0, 0.0, 0.0, 0.0, 0.0, 0.0, 0.0, 0.0, 0.0, 0.0, 0.0, 0.0, 0.0, 0.0, 0.0, 0.0, 0.0, 0.0, 0.0, 0.0, 0.0, 0.0, 0.0, 0.0, 0.0, 0.0, 0.0, 0.0, 0.0, 0.0, 0.0, 0.0, 0.0, 0.0, 0.0, 0.0, 0.0, 0.0, 0.0, 0.0, 0.0, 0.0, 0.0, 0.0, 0.0, 0.0, 0.0, 0.0, 0.0, 0.0, 0.0, 0.0, 0.0, 0.0, 0.0, 0.0, 0.0, 0.0, 0.0, 0.0, 0.0, 0.0, 0.0, 0.0, 0.0, 0.0, 0.0, 0.0, 0.0, 0.0, 0.0, 0.0, 0.0, 0.0, 0.0, 0.0, 0.0, 0.0, 0.0, 0.0, 0.0, 0.0, 0.0, 0.0], "runtime": [0.23281197547912597, 0.21555960178375244, 0.21771712303161622, 0.20853216648101808, 0.21158456802368164, 0.22047154903411864, 0.21978461742401123, 0.22636311054229735, 0.21301703453063964, 0.2222600221633911, 0.2200166702270508, 0.2186579942703247, 0.21992027759552002, 0.22444236278533936, 0.2065507650375366, 0.22311103343963623, 0.20986361503601075, 0.21302592754364014, 0.22082557678222656, 0.2158268451690674, 0.22159669399261475, 0.23131914138793946, 0.21562845706939698, 0.22021420001983644, 0.222357177734375, 0.21646738052368164, 0.2214838981628418, 0.21826415061950682, 0.21346619129180908, 0.21873960494995118, 0.21763718128204346, 0.21583240032196044, 0.20733041763305665, 0.2204219341278076, 0.21807451248168946, 0.22021276950836183, 0.22356054782867432, 0.2304316520690918, 0.22314281463623048, 0.21754271984100343, 0.23021743297576905, 0.22601001262664794, 0.22927453517913818, 0.22557034492492675, 0.22416443824768068, 0.23198137283325196, 0.2161499261856079, 0.22464377880096437, 0.23239514827728272, 0.22917356491088867, 0.22052555084228515, 0.22159190177917482, 0.21785101890563965, 0.22036144733428956, 0.2204360008239746, 0.2155529022216797, 0.22892892360687256, 0.22137246131896973, 0.22568197250366212, 0.2175143241882324, 0.22566988468170165, 0.21576969623565673, 0.2224041223526001, 0.21937308311462403, 0.21764614582061767, 0.21771559715270997, 0.22352223396301268, 0.21943972110748292, 0.2158964157104492, 0.218772029876709, 0.2205047130584717, 0.22305152416229249, 0.22112956047058105, 0.22085258960723878, 0.22382004261016847, 0.2271371603012085, 0.21988213062286377, 0.22375550270080566, 0.21708006858825685, 0.2118079662322998, 0.21745243072509765, 0.2301149845123291, 0.2146164894104004, 0.2297846794128418, 0.22832391262054444, 0.22529819011688232, 0.2189626455307007, 0.22443907260894774, 0.21420555114746093, 0.21650340557098388, 0.2120501756668091, 0.2204496145248413, 0.21497926712036133, 0.23242969512939454, 0.2266082525253296, 0.22141652107238768, 0.2185819387435913, 0.224951171875, 0.21764957904815674, 0.22323875427246093], "mean_splits": 0.0, "mean_runtime": 0.22070750260353086}, "intermediate": {"idx": [0, 1, 2, 3, 4, 5, 6, 7, 8, 9, 10, 11, 12, 13, 14, 15, 16, 17, 18, 19, 20, 21, 22, 23, 24, 25, 26, 27, 28, 29, 30, 31, 32, 33, 34, 35, 36, 37, 38, 39, 40, 41, 42, 43, 44, 45, 46, 47, 48, 49, 50, 51, 52, 53, 54, 55, 56, 57, 58, 59, 60, 61, 62, 63, 64, 65, 66, 67, 68, 69, 70, 71, 72, 73, 74, 75, 76, 77, 78, 79, 80, 81, 82, 83, 84, 85, 86, 87, 88, 89, 90, 91, 92, 93, 94, 95, 96, 97, 98, 99], "splits": [21.6, 2.6, 7.3, 1.0, 1.7, 0.8, 1.0, 1.6, 12.2, 7.2, 1.1, 5.0, 6.6, 0.5, 0.7, 0.8, 2.6, 1.3, 5.4, 0.9, 1.4, 0.4, 1.1, 1.6, 3.4, 1.3, 1.3, 6.0, 0.8, 0.6, 2.1, 3.7, 1.2, 0.7, 1.1, 2.2, 3.6, 2.2, 0.8, 2.1, 9.5, 1.6, 0.2, 1.4, 1.9, 0.6, 3.6, 2.6, 1.6, 1.2, 2.8, 4.4, 8.0, 1.9, 2.1, 0.8, 3.4, 4.6, 1.5, 2.7, 1.6, 1.8, 1.6, 3.0, 1.3, 12.7, 2.0, 0.9, 1.9, 5.6, 0.9, 3.4, 3.8, 0.7, 7.3, 13.4, 1.1, 0.6, 2.4, 1.7, 3.1, 8.9, 4.1, 3.0, 2.6, 1.8, 4.5, 3.8, 1.9, 1.0, 2.0, 1.1, 0.8, 0.7, 3.3, 1.8, 2.0, 1.3, 1.5, 0.5],