{"simple": {"idx": [0, 1, 2, 3, 4, 5, 6, 7, 8, 9, 10, 11, 12, 13, 14, 15, 16, 17, 18, 19, 20, 21, 22, 23, 24, 25, 26, 27, 28, 29, 30, 31, 32, 33, 34, 35, 36, 37, 38, 39, 40, 41, 42, 43, 44, 45, 46, 47, 48, 49, 50, 51, 52, 53, 54, 55, 56, 57, 58, 59, 60, 61, 62, 63, 64, 65, 66, 67, 68, 69, 70, 71, 72, 73, 74, 75, 76, 77, 78, 79, 80, 81, 82, 83, 84, 85, 86, 87, 88, 89, 90, 91, 92, 93, 94, 95, 96, 97, 98, 99], "flips": [4657.0, 2659.0, 4073.0, 4049.0, 7175.0, 7081.0, 962.0, 1757.0, 8659.0, 7019.0, 2751.0, 1009.0, 5768.0, 2078.0, 3299.0, 1957.0, 1225.0, 1947.0, 3923.0, 3879.0, 9613.0, 8815.0, 9356.0, 1108.0, 4273.0, 7387.0, 3250.0, 791.0, 10000.0, 2495.0, 9178.0, 6998.0, 3345.0, 3421.0, 1489.0, 7104.0, 8229.0, 3887.0, 1792.0, 718.0, 2113.0, 6004.0, 10000.0, 5641.0, 4871.0, 6973.0, 8986.0, 4882.0, 3661.0, 5135.0, 2637.0, 4316.0, 1684.0, 6327.0, 6851.0, 2918.0, 4127.0, 1097.0, 3550.0, 4037.0, 7475.0, 5273.0, 7503.0, 6905.0, 6411.0, 5971.0, 2677.0, 6418.0, 2446.0, 1825.0, 711.0, 5710.0, 8414.0, 9033.0, 1349.0, 2927.0, 1632.0, 7910.0, 3480.0, 10000.0, 6504.0, 4852.0, 4614.0, 6932.0, 3009.0, 3488.0, 1965.0, 258.0, 9631.0, 3285.0, 2003.0, 2262.0, 1330.0, 6261.0, 7462.0, 7847.0, 4100.0, 2574.0, 142.0, 1435.0], "restarts": [1.0, 1.0, 0.0, 2.0, 0.0, 1.0, 0.0, 0.0, 2.0, 0.0, 2.0, 7.0, 0.0, 0.0, 2.0, 0.0, 0.0, 8.0, 2.0, 8.0, 3.0, 0.0, 2.0, 0.0, 0.0, 2.0, 1.0, 0.0, 9.0, 0.0, 0.0, 1.0, 2.0, 0.0, 3.0, 0.0, 0.0, 0.0, 0.0, 1.0, 0.0, 0.0, 9.0, 5.0, 2.0, 1.0, 0.0, 1.0, 6.0, 0.0, 3.0, 1.0, 0.0, 4.0, 2.0, 0.0, 1.0, 4.0, 0.0, 1.0, 2.0, 2.0, 1.0, 1.0, 0.0, 5.0, 0.0, 0.0, 0.0, 3.0, 2.0, 1.0, 1.0, 3.0, 3.0, 0.0, 0.0, 4.0, 5.0, 9.0, 3.0, 1.0, 7.0, 2.0, 6.0, 0.0, 1.0, 2.0, 3.0, 1.0, 0.0, 0.0, 2.0, 3.0, 0.0, 3.0, 0.0, 3.0, 1.0, 0.0], "runtime": [26.1749210357666, 19.43403697013855, 6.384241580963135, 41.421936988830566, 12.071776628494263, 30.835923433303833, 1.4031529426574707, 2.281804323196411, 44.35043549537659, 11.757291793823242, 40.19710183143616, 109.2400450706482, 10.144736528396606, 3.0945041179656982, 43.48317193984985, 3.224778175354004, 2.0713999271392822, 137.27568221092224, 33.904046058654785, 155.15996527671814, 64.41805124282837, 16.182438611984253, 46.99312925338745, 1.6605110168457031, 6.46758770942688, 41.95693278312683, 21.55976176261902, 1.282191276550293, 171.87413716316223, 3.932159423828125, 14.124908924102783, 29.420454263687134, 41.87658739089966, 5.82242488861084, 53.80791974067688, 11.058589696884155, 14.019392251968384, 6.4045569896698, 2.5605547428131104, 18.38632893562317, 3.410123348236084, 9.533385038375854, 179.81459379196167, 101.710125207901, 40.066548347473145, 27.692161321640015, 13.70765495300293, 20.313812017440796, 114.25058650970459, 8.201523780822754, 59.23597860336304, 26.466662883758545, 2.912229537963867, 78.24304461479187, 47.48908281326294, 4.615831136703491, 22.574243307113647, 75.84803509712219, 5.420482873916626, 24.961302757263184, 47.16149377822876, 44.449474811553955, 32.36521863937378, 27.01483654975891, 10.438291072845459, 103.26230525970459, 3.8803396224975586, 11.421886920928955, 3.825178623199463, 60.80359601974487, 33.97213840484619, 26.222748279571533, 27.59624981880188, 67.67236661911011, 55.3284215927124, 4.375764608383179, 2.332888126373291, 82.11410427093506, 83.03671431541443, 192.4681534767151, 60.370646953582764, 27.273059129714966, 114.67506265640259, 43.31244683265686, 111.8151843547821, 4.856816053390503, 19.43924045562744, 32.87850618362427, 58.22937226295471, 23.018210411071777, 2.9230988025665283, 3.479569435119629, 37.20707726478577, 64.84118247032166, 12.30825424194336, 63.23328518867493, 6.166934967041016, 63.03079795837402, 18.11845874786377, 2.4494388103485107], "mean_splits": 4590.1, "mean_runtime": 38.63555792331695}, "easy": {"idx": [0, 1, 2, 3, 4, 5, 6, 7, 8, 9, 10, 11, 12, 13, 14, 15, 16, 17, 18, 19, 20, 21, 22, 23, 24, 25, 26, 27, 28, 29, 30, 31, 32, 33, 34, 35, 36, 37, 38, 39, 40, 41, 42, 43, 44, 45, 46, 47, 48, 49, 50, 51, 52, 53, 54, 55, 56, 57, 58, 59, 60, 61, 62, 63, 64, 65, 66, 67, 68, 69, 70, 71, 72, 73, 74, 75, 76, 77, 78, 79, 80, 81, 82, 83, 84, 85, 86, 87, 88, 89, 90, 91, 92, 93, 94, 95, 96, 97, 98, 99], "flips": [10000.0, 10000.0, 10000.0, 4860.0, 9640.0, 2418.0, 10000.0, 2996.0, 5040.0, 10000.0, 10000.0, 907.0, 6601.0, 4646.0, 1084.0, 953.0, 6901.0, 8331.0, 8055.0, 8406.0, 2887.0, 4396.0, 6874.0, 862.0, 3173.0, 10000.0, 10000.0, 6652.0, 4211.0, 5928.0, 9051.0, 5032.0, 1867.0, 5885.0, 3234.0, 1870.0, 1740.0, 4557.0, 10000.0, 10000.0, 4308.0, 10000.0, 7861.0, 5968.0, 10000.0, 2019.0, 4819.0, 6707.0, 1513.0, 9983.0, 6260.0, 2139.0, 850.0, 4914.0, 428.0, 6895.0, 6361.0, 10000.0, 7749.0, 3548.0, 4882.0, 9791.0, 10000.0, 7350.0, 2621.0, 10000.0, 4056.0, 1170.0, 10000.0, 1960.0, 2530.0, 10000.0, 250.0, 10000.0, 9130.0, 3248.0, 6075.0, 10000.0, 3421.0, 570.0, 7503.0, 2817.0, 7229.0, 7914.0, 6480.0, 9345.0, 2441.0, 1857.0, 4903.0, 7258.0, 4040.0, 1190.0, 5256.0, 10000.0, 1165.0, 237.0, 1082.0, 8616.0, 8233.0, 683.0], "restarts": [9.0, 9.0, 9.0, 1.0, 1.0, 0.0, 9.0, 4.0, 0.0, 9.0, 9.0, 1.0, 1.0, 5.0, 0.0, 1.0, 3.0, 7.0, 4.0, 0.0, 0.0, 1.0, 0.0, 0.0, 4.0, 9.0, 9.0, 1.0, 0.0, 8.0, 0.0, 0.0, 1.0, 5.0, 1.0, 0.0, 1.0, 0.0, 9.0, 9.0, 0.0, 9.0, 2.0, 0.0, 9.0, 0.0, 5.0, 3.0, 0.0, 6.0, 8.0, 1.0, 4.0, 6.0, 2.0, 0.0, 6.0, 9.0, 1.0, 0.0, 0.0, 3.0, 9.0, 1.0, 2.0, 9.0, 2.0, 2.0, 9.0, 3.0, 7.0, 9.0, 3.0, 9.0, 0.0, 3.0, 7.0, 9.0, 1.0, 0.0, 1.0, 7.0, 5.0, 2.0, 5.0, 1.0, 1.0, 0.0, 0.0, 0.0, 8.0, 4.0, 0.0, 9.0, 4.0, 3.0, 0.0, 9.0, 0.0, 4.0], "runtime": [184.81195735931396, 171.47732782363892, 183.2249617576599, 23.517646312713623, 31.800853490829468, 3.5705206394195557, 178.2567286491394, 76.8614456653595, 8.558524370193481, 190.34544253349304, 204.77005052566528, 18.83201789855957, 27.528335332870483, 99.6294162273407, 1.7934186458587646, 19.725534677505493, 59.18585729598999, 134.49145412445068, 76.73256278038025, 14.028331756591797, 4.566782236099243, 24.88362741470337, 10.248844861984253, 1.345142126083374, 78.57120442390442, 166.43669390678406, 181.46188688278198, 27.215339422225952, 5.74985933303833, 145.3143811225891, 14.914032697677612, 9.030823230743408, 18.154433727264404, 83.78882503509521, 18.846678733825684, 2.773702383041382, 19.702800750732422, 6.6709418296813965, 193.74952292442322, 161.23128819465637, 7.313519239425659, 206.86232018470764, 47.83627939224243, 10.121349811553955, 160.35214185714722, 3.5317864418029785, 95.02780866622925, 70.47099685668945, 2.3379738330841064, 117.53617763519287, 137.00709557533264, 22.185637712478638, 68.16412401199341, 99.7714672088623, 34.540830850601196, 11.09411334991455, 135.86794352531433, 196.74771332740784, 30.487715244293213, 5.687967777252197, 8.374339818954468, 60.48904347419739, 197.01265454292297, 30.037784576416016, 41.33120274543762, 159.34038734436035, 37.93582081794739, 30.777977228164673, 183.9052610397339, 54.94632935523987, 122.32029414176941, 158.83067750930786, 52.41290354728699, 172.39732432365417, 15.14203691482544, 62.93879699707031, 137.65947151184082, 192.26699328422546, 22.234359741210938, 0.8915972709655762, 28.394598484039307, 142.42645859718323, 98.93285346031189, 43.4784996509552, 96.60375094413757, 34.60189437866211, 23.17986798286438, 3.0943853855133057, 7.485109806060791, 12.219109296798706, 158.08074235916138, 77.42622351646423, 8.246625900268555, 173.06944918632507, 71.80881381034851, 56.694242000579834, 1.621443748474121, 148.18393635749817, 14.07392168045044, 71.38507413864136], "mean_splits": 5666.82, "mean_runtime": 73.58996418476104}, "intermediate": {"idx": [0, 1, 2, 3, 4, 5, 6, 7, 8, 9, 10, 11, 12, 13, 14, 15, 16, 17, 18, 19, 20, 21, 22, 23, 24, 25, 26, 27, 28, 29, 30, 31, 32, 33, 34, 35, 36, 37, 38, 39, 40, 41, 42, 43, 44, 45, 46, 47, 48, 49, 50, 51, 52, 53, 54, 55, 56, 57, 58, 59, 60, 61, 62, 63, 64, 65, 66, 67, 68, 69, 70, 71, 72, 73, 74, 75, 76, 77, 78, 79, 80, 81, 82, 83, 84, 85, 86, 87, 88, 89, 90, 91, 92, 93, 94, 95, 96, 97, 98, 99],