{"simple": {"idx": [0, 1, 2, 3, 4, 5, 6, 7, 8, 9, 10, 11, 12, 13, 14, 15, 16, 17, 18, 19, 20, 21, 22, 23, 24, 25, 26, 27, 28, 29, 30, 31, 32, 33, 34, 35, 36, 37, 38, 39, 40, 41, 42, 43, 44, 45, 46, 47, 48, 49], "flips": [0.0, 0.0, 0.0, 10000.0, 0.0, 0.0, 0.0, 0.0, 0.0, 0.0, 0.0, 0.0, 0.0, 0.0, 10000.0, 0.0, 0.0, 0.0, 0.0, 0.0, 0.0, 0.0, 0.0, 0.0, 0.0, 0.0, 0.0, 10000.0, 0.0, 0.0, 0.0, 0.0, 0.0, 0.0, 0.0, 0.0, 0.0, 0.0, 0.0, 0.0, 0.0, 0.0, 10000.0, 0.0, 0.0, 0.0, 0.0, 0.0, 0.0, 0.0], "restarts": [0.0, 0.0, 0.0, 10.0, 0.0, 0.0, 0.0, 0.0, 0.0, 0.0, 0.0, 0.0, 0.0, 0.0, 10.0, 0.0, 0.0, 0.0, 0.0, 0.0, 0.0, 0.0, 0.0, 0.0, 0.0, 0.0, 0.0, 10.0, 0.0, 0.0, 0.0, 0.0, 0.0, 0.0, 0.0, 0.0, 0.0, 0.0, 0.0, 0.0, 0.0, 0.0, 10.0, 0.0, 0.0, 0.0, 0.0, 0.0, 0.0, 0.0], "runtime": [22.14269256591797, 67.18434453010559, 17.830180644989014, 166.77627658843994, 29.093855381011963, 35.46442174911499, 35.95527148246765, 32.93212699890137, 30.96826481819153, 38.84875464439392, 16.819040775299072, 10.06874394416809, 7.314393520355225, 31.807427167892456, 182.6711905002594, 13.698807954788208, 12.775915145874023, 1.46588134765625, 4.981481552124023, 56.73098301887512, 45.20557618141174, 16.447406768798828, 26.43940830230713, 13.822382926940918, 24.94285750389099, 12.242363691329956, 32.422542333602905, 166.84168338775635, 24.06653070449829, 58.4704487323761, 6.995501279830933, 38.370824575424194, 7.420714378356934, 4.654380559921265, 7.355215549468994, 7.187928915023804, 24.88294816017151, 24.720482349395752, 2.2908167839050293, 5.417832851409912, 57.61317682266235, 13.795180797576904, 164.29993748664856, 92.5254328250885, 30.458441495895386, 28.97586154937744, 5.883482217788696, 5.458652973175049, 74.37543296813965, 7.142858266830444], "mean_splits": 800.0, "mean_runtime": 36.92512715339661}, "easy": {"idx": [0, 1, 2, 3, 4, 5, 6, 7, 8, 9, 10, 11, 12, 13, 14, 15, 16, 17, 18, 19, 20, 21, 22, 23, 24, 25, 26, 27, 28, 29, 30, 31, 32, 33, 34, 35, 36, 37, 38, 39, 40, 41, 42, 43, 44, 45, 46, 47, 48, 49], "flips": [0.0, 0.0, 0.0, 0.0, 0.0, 0.0, 10000.0, 0.0, 0.0, 0.0, 10000.0, 0.0, 0.0, 0.0, 10000.0, 0.0, 0.0, 10000.0, 0.0, 0.0, 0.0, 0.0, 0.0, 0.0, 10000.0, 0.0, 0.0, 0.0, 0.0, 0.0, 0.0, 0.0, 0.0, 0.0, 0.0, 0.0, 0.0, 0.0, 10000.0, 0.0, 0.0, 0.0, 0.0, 0.0, 0.0, 0.0, 0.0, 0.0, 0.0, 0.0], "restarts": [0.0, 0.0, 0.0, 0.0, 0.0, 0.0, 10.0, 0.0, 0.0, 0.0, 10.0, 0.0, 0.0, 0.0, 10.0, 0.0, 0.0, 10.0, 0.0, 0.0, 0.0, 0.0, 0.0, 0.0, 10.0, 0.0, 0.0, 0.0, 0.0, 0.0, 0.0, 0.0, 0.0, 0.0, 0.0, 0.0, 0.0, 0.0, 10.0, 0.0, 0.0, 0.0, 0.0, 0.0, 0.0, 0.0, 0.0, 0.0, 0.0, 0.0], "runtime": [134.00483083724976, 49.94172644615173, 3.221973419189453, 65.70814871788025, 15.981964588165283, 6.407113313674927, 170.61914372444153, 5.967177152633667, 13.628929138183594, 29.540972471237183, 196.39122700691223, 48.27227306365967, 26.35486078262329, 36.650747537612915, 169.35010266304016, 99.14741253852844, 19.474528551101685, 164.13948845863342, 32.60538673400879, 121.3307249546051, 19.461039543151855, 94.03135704994202, 3.3814492225646973, 4.901362895965576, 174.2600212097168, 49.11690902709961, 103.92759656906128, 25.818901300430298, 2.4047350883483887, 83.85786008834839, 3.2647223472595215, 121.44335699081421, 14.05811595916748, 23.082178592681885, 34.681899309158325, 83.35125255584717, 2.401047945022583, 3.7654545307159424, 184.35772037506104, 8.047579526901245, 39.723841428756714, 97.95279812812805, 143.677907705307, 51.07622838020325, 132.68858528137207, 45.117894411087036, 155.24514365196228, 105.04688119888306, 23.231576442718506, 48.514222860336304], "mean_splits": 1200.0, "mean_runtime": 65.8125674343109}, "intermediate": {"idx": [0, 1, 2, 3, 4, 5, 6, 7, 8, 9, 10, 11, 12, 13, 14, 15, 16, 17, 18, 19, 20, 21, 22, 23, 24, 25, 26, 27, 28, 29, 30, 31, 32, 33, 34, 35, 36, 37, 38, 39, 40, 41, 42, 43, 44, 45, 46, 47, 48, 49], "flips": [0.0, 0.0, 0.0, 0.0, 0.0, 0.0, 0.0, 0.0, 0.0, 0.0, 0.0, 0.0, 10000.0, 0.0, 0.0, 0.0, 0.0, 10000.0, 0.0, 0.0, 0.0, 0.0, 0.0, 0.0, 0.0, 0.0, 0.0, 0.0, 10000.0, 0.0, 0.0, 0.0, 0.0, 0.0, 0.0, 0.0, 0.0, 0.0, 10000.0, 0.0, 0.0, 0.0, 0.0, 0.0, 0.0, 0.0, 0.0, 0.0, 0.0, 0.0], "restarts": [0.0, 0.0, 0.0, 0.0, 0.0, 0.0, 0.0, 0.0, 0.0, 0.0, 0.0, 0.0, 10.0, 0.0, 0.0, 0.0, 0.0, 10.0, 0.0, 0.0, 0.0, 0.0, 0.0, 0.0, 0.0, 0.0, 0.0, 0.0, 10.0, 0.0, 0.0, 0.0, 0.0, 0.0, 0.0, 0.0, 0.0, 0.0, 10.0, 0.0, 0.0, 0.0, 0.0, 0.0, 0.0, 0.0, 0.0, 0.0, 0.0, 0.0], "runtime": [122.30606293678284, 44.24081301689148, 4.305943012237549, 82.37255787849426, 70.62224292755127, 5.410934686660767, 114.24706387519836, 34.692877531051636, 18.08189344406128, 153.29487705230713, 1.460817575454712, 16.858581066131592, 155.9282763004303, 142.05975794792175, 145.8485209941864, 87.59938907623291, 44.88744354248047, 161.66537475585938, 164.85862636566162, 96.27800226211548, 2.266376256942749, 6.433647394180298, 6.746499061584473, 80.59843945503235, 3.333550214767456, 67.81243085861206, 34.9121458530426, 55.17233490943909, 141.5993413925171, 35.13639187812805, 65.73587226867676, 107.63796401023865, 17.495330810546875, 5.478449106216431, 18.03696918487549, 1.0542707443237305, 146.0046043395996, 39.68550896644592, 138.0263397693634, 6.7566704750061035, 95.35888147354126, 25.903159141540527, 38.55117177963257, 32.890015840530396, 144.84379410743713, 15.87137222290039, 116.130930185318, 7.7984724044799805, 8.015809297561646, 33.11905527114868], "mean_splits": 800.0, "mean_runtime": 63.30851709842682}, "expert": {"idx": [0, 1, 2, 3, 4, 5, 6, 7, 8, 9, 10, 11, 12, 13, 14, 15, 16, 17, 18, 19, 20, 21, 22, 23, 24, 25, 26, 27, 28, 29, 30, 31, 32, 33, 34, 35, 36, 37, 38, 39, 40, 41, 42, 43, 44, 45, 46, 47, 48, 49], "flips": [0.0, 0.0, 0.0, 0.0, 0.0, 10000.0, 10000.0, 0.0, 0.0, 0.0, 0.0, 0.0, 0.0, 10000.0, 0.0, 0.0, 0.0, 10000.0, 0.0, 0.0, 0.0, 0.0, 10000.0, 0.0, 10000.0, 0.0, 0.0, 10000.0, 0.0, 10000.0, 0.0, 0.0, 0.0, 0.0, 10000.0, 0.0, 0.0, 10000.0, 0.0, 0.0, 0.0, 0.0, 0.0, 0.0, 10000.0, 0.0, 0.0, 0.0, 0.0, 0.0], "restarts": [0.0, 0.0, 0.0, 0.0, 0.0, 10.0, 10.0, 0.0, 0.0, 0.0, 0.0, 0.0, 0.0, 10.0, 0.0, 0.0, 0.0, 10.0, 0.0, 0.0, 0.0, 0.0, 10.0, 0.0, 10.0, 0.0, 0.0, 10.0, 0.0, 10.0, 0.0, 0.0, 0.0, 0.0, 10.0, 0.0, 0.0, 10.0, 0.0, 0.0, 0.0, 0.0, 0.0, 0.0, 10.0, 0.0, 0.0, 0.0, 0.0, 0.0], "runtime": [18.71362853050232, 1.4504666328430176, 20.701008558273315, 1.2244608402252197, 61.535563468933105, 162.12065029144287, 160.45990872383118, 32.2592568397522, 3.5614047050476074, 14.754931926727295, 19.863364696502686, 15.359188556671143, 31.259437084197998, 189.11690545082092, 127.64262890815735, 45.840179204940796, 50.52133893966675, 174.21177744865417, 13.600390911102295, 39.11876153945923, 51.14793062210083, 55.800699949264526, 179.8918013572693, 109.15134167671204, 170.9212908744812, 23.890045404434204, 48.77693724632263, 170.6919116973877, 74.41283345222473, 182.10099387168884, 74.23635935783386, 50.73342990875244, 30.16449761390686, 48.289637327194214, 169.7644271850586, 114.15736746788025, 95.34418153762817, 167.47886300086975, 25.555773496627808, 2.2608978748321533, 84.01320576667786, 4.8961756229400635, 79.67657899856567, 5.587085723876953, 185.51186108589172, 104.02620244026184, 49.187642335891724, 43.06396985054016, 4.806786298751831, 18.490342140197754], "mean_splits": 2200.0, "mean_runtime": 72.14692648887635}}